area,year,outage_type,planned_status,count
AD2,2023,Transmission outage,Planned,0
AD2,2023,Transmission outage,Unplanned,0
AD2,2023,Production unavailability,Planned,0
AD2,2023,Production unavailability,Unplanned,0
AD2,2023,Consumption unavailability,Planned,0
AD2,2023,Consumption unavailability,Unplanned,0
AD2,2024,Transmission outage,Planned,0
AD2,2024,Transmission outage,Unplanned,0
AD2,2024,Production unavailability,Planned,0
AD2,2024,Production unavailability,Unplanned,0
AD2,2024,Consumption unavailability,Planned,0
AD2,2024,Consumption unavailability,Unplanned,0
AD2,2025,Transmission outage,Planned,0
AD2,2025,Transmission outage,Unplanned,0
AD2,2025,Production unavailability,Planned,0
AD2,2025,Production unavailability,Unplanned,0
AD2,2025,Consumption unavailability,Planned,0
AD2,2025,Consumption unavailability,Unplanned,0
AD3,2025,Transmission outage,Planned,0
AD3,2025,Transmission outage,Unplanned,0
AD3,2025,Production unavailability,Planned,0
AD3,2025,Production unavailability,Unplanned,0
AD3,2025,Consumption unavailability,Planned,0
AD3,2025,Consumption unavailability,Unplanned,0
AL1,2021,Transmission outage,Planned,0
AL1,2021,Transmission outage,Unplanned,0
AL1,2021,Production unavailability,Planned,0
AL1,2021,Production unavailability,Unplanned,0
AL1,2021,Consumption unavailability,Planned,0
AL1,2021,Consumption unavailability,Unplanned,0
AL2,2013,Transmission outage,Planned,0
AL2,2013,Transmission outage,Unplanned,0
AL2,2013,Production unavailability,Planned,0
AL2,2013,Production unavailability,Unplanned,0
AL2,2013,Consumption unavailability,Planned,0
AL2,2013,Consumption unavailability,Unplanned,0
AL2,2021,Transmission outage,Planned,0
AL2,2021,Transmission outage,Unplanned,0
AL2,2021,Production unavailability,Planned,0
AL2,2021,Production unavailability,Unplanned,0
AL2,2021,Consumption unavailability,Planned,0
AL2,2021,Consumption unavailability,Unplanned,0
AL2,2022,Transmission outage,Planned,0
AL2,2022,Transmission outage,Unplanned,0
AL2,2022,Production unavailability,Planned,0
AL2,2022,Production unavailability,Unplanned,1
AL2,2022,Consumption unavailability,Planned,0
AL2,2022,Consumption unavailability,Unplanned,0
AL3,2021,Transmission outage,Planned,0
AL3,2021,Transmission outage,Unplanned,0
AL3,2021,Production unavailability,Planned,0
AL3,2021,Production unavailability,Unplanned,0
AL3,2021,Consumption unavailability,Planned,0
AL3,2021,Consumption unavailability,Unplanned,0
AL7,2017,Transmission outage,Planned,0
AL7,2017,Transmission outage,Unplanned,0
AL7,2017,Production unavailability,Planned,0
AL7,2017,Production unavailability,Unplanned,0
AL7,2017,Consumption unavailability,Planned,0
AL7,2017,Consumption unavailability,Unplanned,0
AN2,2016,Transmission outage,Planned,0
AN2,2016,Transmission outage,Unplanned,0
AN2,2016,Production unavailability,Planned,2
AN2,2016,Production unavailability,Unplanned,0
AN2,2016,Consumption unavailability,Planned,0
AN2,2016,Consumption unavailability,Unplanned,0
AN5,2014,Transmission outage,Planned,0
AN5,2014,Transmission outage,Unplanned,0
AN5,2014,Production unavailability,Planned,1
AN5,2014,Production unavailability,Unplanned,0
AN5,2014,Consumption unavailability,Planned,0
AN5,2014,Consumption unavailability,Unplanned,0
AT1,2025,Transmission outage,Planned,0
AT1,2025,Transmission outage,Unplanned,0
AT1,2025,Production unavailability,Planned,0
AT1,2025,Production unavailability,Unplanned,0
AT1,2025,Consumption unavailability,Planned,0
AT1,2025,Consumption unavailability,Unplanned,0
AT2,2025,Transmission outage,Planned,0
AT2,2025,Transmission outage,Unplanned,0
AT2,2025,Production unavailability,Planned,0
AT2,2025,Production unavailability,Unplanned,0
AT2,2025,Consumption unavailability,Planned,0
AT2,2025,Consumption unavailability,Unplanned,0
AT4,2025,Transmission outage,Planned,0
AT4,2025,Transmission outage,Unplanned,0
AT4,2025,Production unavailability,Planned,0
AT4,2025,Production unavailability,Unplanned,0
AT4,2025,Consumption unavailability,Planned,0
AT4,2025,Consumption unavailability,Unplanned,0
BP2,2019,Transmission outage,Planned,2
BP2,2019,Transmission outage,Unplanned,0
BP2,2019,Production unavailability,Planned,0
BP2,2019,Production unavailability,Unplanned,0
BP2,2019,Consumption unavailability,Planned,0
BP2,2019,Consumption unavailability,Unplanned,0
CG8,2024,Transmission outage,Planned,0
CG8,2024,Transmission outage,Unplanned,0
CG8,2024,Production unavailability,Planned,0
CG8,2024,Production unavailability,Unplanned,0
CG8,2024,Consumption unavailability,Planned,0
CG8,2024,Consumption unavailability,Unplanned,0
CO2,2023,Transmission outage,Planned,0
CO2,2023,Transmission outage,Unplanned,0
CO2,2023,Production unavailability,Planned,0
CO2,2023,Production unavailability,Unplanned,0
CO2,2023,Consumption unavailability,Planned,0
CO2,2023,Consumption unavailability,Unplanned,0
DK1,2013,Transmission outage,Planned,3
DK1,2013,Transmission outage,Unplanned,0
DK1,2013,Production unavailability,Planned,0
DK1,2013,Production unavailability,Unplanned,0
DK1,2013,Consumption unavailability,Planned,0
DK1,2013,Consumption unavailability,Unplanned,0
DK1,2014,Transmission outage,Planned,10
DK1,2014,Transmission outage,Unplanned,1
DK1,2014,Production unavailability,Planned,0
DK1,2014,Production unavailability,Unplanned,0
DK1,2014,Consumption unavailability,Planned,0
DK1,2014,Consumption unavailability,Unplanned,0
DK1,2015,Transmission outage,Planned,12
DK1,2015,Transmission outage,Unplanned,0
DK1,2015,Production unavailability,Planned,0
DK1,2015,Production unavailability,Unplanned,0
DK1,2015,Consumption unavailability,Planned,0
DK1,2015,Consumption unavailability,Unplanned,0
DK1,2016,Transmission outage,Planned,7
DK1,2016,Transmission outage,Unplanned,0
DK1,2016,Production unavailability,Planned,0
DK1,2016,Production unavailability,Unplanned,0
DK1,2016,Consumption unavailability,Planned,0
DK1,2016,Consumption unavailability,Unplanned,0
DK1,2017,Transmission outage,Planned,7
DK1,2017,Transmission outage,Unplanned,0
DK1,2017,Production unavailability,Planned,0
DK1,2017,Production unavailability,Unplanned,0
DK1,2017,Consumption unavailability,Planned,0
DK1,2017,Consumption unavailability,Unplanned,0
DK1,2018,Transmission outage,Planned,1
DK1,2018,Transmission outage,Unplanned,0
DK1,2018,Production unavailability,Planned,0
DK1,2018,Production unavailability,Unplanned,0
DK1,2018,Consumption unavailability,Planned,0
DK1,2018,Consumption unavailability,Unplanned,0
DK1,2019,Transmission outage,Planned,0
DK1,2019,Transmission outage,Unplanned,1
DK1,2019,Production unavailability,Planned,0
DK1,2019,Production unavailability,Unplanned,0
DK1,2019,Consumption unavailability,Planned,0
DK1,2019,Consumption unavailability,Unplanned,0
DK1,2020,Transmission outage,Planned,1
DK1,2020,Transmission outage,Unplanned,0
DK1,2020,Production unavailability,Planned,0
DK1,2020,Production unavailability,Unplanned,0
DK1,2020,Consumption unavailability,Planned,0
DK1,2020,Consumption unavailability,Unplanned,0
DK1,2021,Transmission outage,Planned,0
DK1,2021,Transmission outage,Unplanned,1
DK1,2021,Production unavailability,Planned,0
DK1,2021,Production unavailability,Unplanned,0
DK1,2021,Consumption unavailability,Planned,0
DK1,2021,Consumption unavailability,Unplanned,0
DK1,2022,Transmission outage,Planned,0
DK1,2022,Transmission outage,Unplanned,0
DK1,2022,Production unavailability,Planned,0
DK1,2022,Production unavailability,Unplanned,0
DK1,2022,Consumption unavailability,Planned,0
DK1,2022,Consumption unavailability,Unplanned,0
DK1,2023,Transmission outage,Planned,0
DK1,2023,Transmission outage,Unplanned,0
DK1,2023,Production unavailability,Planned,0
DK1,2023,Production unavailability,Unplanned,0
DK1,2023,Consumption unavailability,Planned,0
DK1,2023,Consumption unavailability,Unplanned,0
DK1,2024,Transmission outage,Planned,0
DK1,2024,Transmission outage,Unplanned,0
DK1,2024,Production unavailability,Planned,0
DK1,2024,Production unavailability,Unplanned,0
DK1,2024,Consumption unavailability,Planned,0
DK1,2024,Consumption unavailability,Unplanned,0
DK1,2025,Transmission outage,Planned,0
DK1,2025,Transmission outage,Unplanned,0
DK1,2025,Production unavailability,Planned,0
DK1,2025,Production unavailability,Unplanned,0
DK1,2025,Consumption unavailability,Planned,0
DK1,2025,Consumption unavailability,Unplanned,0
DK2,2013,Transmission outage,Planned,3
DK2,2013,Transmission outage,Unplanned,0
DK2,2013,Production unavailability,Planned,0
DK2,2013,Production unavailability,Unplanned,0
DK2,2013,Consumption unavailability,Planned,0
DK2,2013,Consumption unavailability,Unplanned,0
DK2,2014,Transmission outage,Planned,1
DK2,2014,Transmission outage,Unplanned,1
DK2,2014,Production unavailability,Planned,0
DK2,2014,Production unavailability,Unplanned,0
DK2,2014,Consumption unavailability,Planned,0
DK2,2014,Consumption unavailability,Unplanned,0
DK2,2015,Transmission outage,Planned,1
DK2,2015,Transmission outage,Unplanned,0
DK2,2015,Production unavailability,Planned,0
DK2,2015,Production unavailability,Unplanned,0
DK2,2015,Consumption unavailability,Planned,0
DK2,2015,Consumption unavailability,Unplanned,0
DK2,2016,Transmission outage,Planned,4
DK2,2016,Transmission outage,Unplanned,1
DK2,2016,Production unavailability,Planned,0
DK2,2016,Production unavailability,Unplanned,0
DK2,2016,Consumption unavailability,Planned,0
DK2,2016,Consumption unavailability,Unplanned,0
DK2,2017,Transmission outage,Planned,2
DK2,2017,Transmission outage,Unplanned,0
DK2,2017,Production unavailability,Planned,0
DK2,2017,Production unavailability,Unplanned,0
DK2,2017,Consumption unavailability,Planned,0
DK2,2017,Consumption unavailability,Unplanned,0
DK2,2018,Transmission outage,Planned,2
DK2,2018,Transmission outage,Unplanned,0
DK2,2018,Production unavailability,Planned,0
DK2,2018,Production unavailability,Unplanned,0
DK2,2018,Consumption unavailability,Planned,0
DK2,2018,Consumption unavailability,Unplanned,0
DK2,2019,Transmission outage,Planned,0
DK2,2019,Transmission outage,Unplanned,0
DK2,2019,Production unavailability,Planned,0
DK2,2019,Production unavailability,Unplanned,0
DK2,2019,Consumption unavailability,Planned,0
DK2,2019,Consumption unavailability,Unplanned,0
DK2,2020,Transmission outage,Planned,0
DK2,2020,Transmission outage,Unplanned,0
DK2,2020,Production unavailability,Planned,0
DK2,2020,Production unavailability,Unplanned,0
DK2,2020,Consumption unavailability,Planned,0
DK2,2020,Consumption unavailability,Unplanned,0
DK2,2021,Transmission outage,Planned,0
DK2,2021,Transmission outage,Unplanned,0
DK2,2021,Production unavailability,Planned,0
DK2,2021,Production unavailability,Unplanned,0
DK2,2021,Consumption unavailability,Planned,0
DK2,2021,Consumption unavailability,Unplanned,0
DK2,2022,Transmission outage,Planned,0
DK2,2022,Transmission outage,Unplanned,0
DK2,2022,Production unavailability,Planned,0
DK2,2022,Production unavailability,Unplanned,0
DK2,2022,Consumption unavailability,Planned,0
DK2,2022,Consumption unavailability,Unplanned,0
DK2,2023,Transmission outage,Planned,0
DK2,2023,Transmission outage,Unplanned,0
DK2,2023,Production unavailability,Planned,0
DK2,2023,Production unavailability,Unplanned,0
DK2,2023,Consumption unavailability,Planned,0
DK2,2023,Consumption unavailability,Unplanned,0
DK2,2024,Transmission outage,Planned,1
DK2,2024,Transmission outage,Unplanned,0
DK2,2024,Production unavailability,Planned,0
DK2,2024,Production unavailability,Unplanned,0
DK2,2024,Consumption unavailability,Planned,0
DK2,2024,Consumption unavailability,Unplanned,0
DK2,2025,Transmission outage,Planned,0
DK2,2025,Transmission outage,Unplanned,0
DK2,2025,Production unavailability,Planned,0
DK2,2025,Production unavailability,Unplanned,0
DK2,2025,Consumption unavailability,Planned,0
DK2,2025,Consumption unavailability,Unplanned,0
DS3,2025,Transmission outage,Planned,0
DS3,2025,Transmission outage,Unplanned,0
DS3,2025,Production unavailability,Planned,0
DS3,2025,Production unavailability,Unplanned,0
DS3,2025,Consumption unavailability,Planned,0
DS3,2025,Consumption unavailability,Unplanned,0
EK3,2013,Transmission outage,Planned,1
EK3,2013,Transmission outage,Unplanned,0
EK3,2013,Production unavailability,Planned,0
EK3,2013,Production unavailability,Unplanned,0
EK3,2013,Consumption unavailability,Planned,0
EK3,2013,Consumption unavailability,Unplanned,0
EK5,2013,Transmission outage,Planned,1
EK5,2013,Transmission outage,Unplanned,1
EK5,2013,Production unavailability,Planned,0
EK5,2013,Production unavailability,Unplanned,0
EK5,2013,Consumption unavailability,Planned,0
EK5,2013,Consumption unavailability,Unplanned,0
EK5,2014,Transmission outage,Planned,1
EK5,2014,Transmission outage,Unplanned,0
EK5,2014,Production unavailability,Planned,0
EK5,2014,Production unavailability,Unplanned,0
EK5,2014,Consumption unavailability,Planned,0
EK5,2014,Consumption unavailability,Unplanned,0
EL1,2023,Transmission outage,Planned,1
EL1,2023,Transmission outage,Unplanned,0
EL1,2023,Production unavailability,Planned,0
EL1,2023,Production unavailability,Unplanned,0
EL1,2023,Consumption unavailability,Planned,0
EL1,2023,Consumption unavailability,Unplanned,0
FG2,2025,Transmission outage,Planned,0
FG2,2025,Transmission outage,Unplanned,0
FG2,2025,Production unavailability,Planned,0
FG2,2025,Production unavailability,Unplanned,0
FG2,2025,Consumption unavailability,Planned,0
FG2,2025,Consumption unavailability,Unplanned,0
FO3,2016,Transmission outage,Planned,0
FO3,2016,Transmission outage,Unplanned,0
FO3,2016,Production unavailability,Planned,0
FO3,2016,Production unavailability,Unplanned,0
FO3,2016,Consumption unavailability,Planned,0
FO3,2016,Consumption unavailability,Unplanned,1
FT1,2019,Transmission outage,Planned,2
FT1,2019,Transmission outage,Unplanned,0
FT1,2019,Production unavailability,Planned,0
FT1,2019,Production unavailability,Unplanned,0
FT1,2019,Consumption unavailability,Planned,0
FT1,2019,Consumption unavailability,Unplanned,0
GI4,2022,Transmission outage,Planned,0
GI4,2022,Transmission outage,Unplanned,0
GI4,2022,Production unavailability,Planned,0
GI4,2022,Production unavailability,Unplanned,0
GI4,2022,Consumption unavailability,Planned,0
GI4,2022,Consumption unavailability,Unplanned,0
GI4,2025,Transmission outage,Planned,0
GI4,2025,Transmission outage,Unplanned,0
GI4,2025,Production unavailability,Planned,0
GI4,2025,Production unavailability,Unplanned,0
GI4,2025,Consumption unavailability,Planned,0
GI4,2025,Consumption unavailability,Unplanned,0
GP3,2023,Transmission outage,Planned,0
GP3,2023,Transmission outage,Unplanned,0
GP3,2023,Production unavailability,Planned,0
GP3,2023,Production unavailability,Unplanned,1
GP3,2023,Consumption unavailability,Planned,0
GP3,2023,Consumption unavailability,Unplanned,0
GP4,2023,Transmission outage,Planned,0
GP4,2023,Transmission outage,Unplanned,0
GP4,2023,Production unavailability,Planned,0
GP4,2023,Production unavailability,Unplanned,1
GP4,2023,Consumption unavailability,Planned,0
GP4,2023,Consumption unavailability,Unplanned,0
GR2,2016,Transmission outage,Planned,1
GR2,2016,Transmission outage,Unplanned,0
GR2,2016,Production unavailability,Planned,0
GR2,2016,Production unavailability,Unplanned,0
GR2,2016,Consumption unavailability,Planned,0
GR2,2016,Consumption unavailability,Unplanned,0
GT1,2013,Transmission outage,Planned,0
GT1,2013,Transmission outage,Unplanned,0
GT1,2013,Production unavailability,Planned,0
GT1,2013,Production unavailability,Unplanned,1
GT1,2013,Consumption unavailability,Planned,0
GT1,2013,Consumption unavailability,Unplanned,0
GT1,2018,Transmission outage,Planned,0
GT1,2018,Transmission outage,Unplanned,0
GT1,2018,Production unavailability,Planned,0
GT1,2018,Production unavailability,Unplanned,1
GT1,2018,Consumption unavailability,Planned,0
GT1,2018,Consumption unavailability,Unplanned,0
GT1,2021,Transmission outage,Planned,0
GT1,2021,Transmission outage,Unplanned,0
GT1,2021,Production unavailability,Planned,0
GT1,2021,Production unavailability,Unplanned,0
GT1,2021,Consumption unavailability,Planned,0
GT1,2021,Consumption unavailability,Unplanned,0
GT1,2023,Transmission outage,Planned,0
GT1,2023,Transmission outage,Unplanned,0
GT1,2023,Production unavailability,Planned,0
GT1,2023,Production unavailability,Unplanned,0
GT1,2023,Consumption unavailability,Planned,0
GT1,2023,Consumption unavailability,Unplanned,0
GT2,2018,Transmission outage,Planned,0
GT2,2018,Transmission outage,Unplanned,0
GT2,2018,Production unavailability,Planned,0
GT2,2018,Production unavailability,Unplanned,1
GT2,2018,Consumption unavailability,Planned,0
GT2,2018,Consumption unavailability,Unplanned,0
GT2,2023,Transmission outage,Planned,0
GT2,2023,Transmission outage,Unplanned,0
GT2,2023,Production unavailability,Planned,0
GT2,2023,Production unavailability,Unplanned,0
GT2,2023,Consumption unavailability,Planned,0
GT2,2023,Consumption unavailability,Unplanned,0
GT2,2024,Transmission outage,Planned,0
GT2,2024,Transmission outage,Unplanned,0
GT2,2024,Production unavailability,Planned,0
GT2,2024,Production unavailability,Unplanned,0
GT2,2024,Consumption unavailability,Planned,0
GT2,2024,Consumption unavailability,Unplanned,0
GT3,2016,Transmission outage,Planned,0
GT3,2016,Transmission outage,Unplanned,0
GT3,2016,Production unavailability,Planned,0
GT3,2016,Production unavailability,Unplanned,1
GT3,2016,Consumption unavailability,Planned,0
GT3,2016,Consumption unavailability,Unplanned,0
GT3,2025,Transmission outage,Planned,0
GT3,2025,Transmission outage,Unplanned,0
GT3,2025,Production unavailability,Planned,1
GT3,2025,Production unavailability,Unplanned,0
GT3,2025,Consumption unavailability,Planned,0
GT3,2025,Consumption unavailability,Unplanned,0
GT6,2023,Transmission outage,Planned,0
GT6,2023,Transmission outage,Unplanned,0
GT6,2023,Production unavailability,Planned,0
GT6,2023,Production unavailability,Unplanned,0
GT6,2023,Consumption unavailability,Planned,0
GT6,2023,Consumption unavailability,Unplanned,0
GT7,2023,Transmission outage,Planned,0
GT7,2023,Transmission outage,Unplanned,0
GT7,2023,Production unavailability,Planned,0
GT7,2023,Production unavailability,Unplanned,0
GT7,2023,Consumption unavailability,Planned,0
GT7,2023,Consumption unavailability,Unplanned,0
GT7,2024,Transmission outage,Planned,0
GT7,2024,Transmission outage,Unplanned,0
GT7,2024,Production unavailability,Planned,0
GT7,2024,Production unavailability,Unplanned,0
GT7,2024,Consumption unavailability,Planned,0
GT7,2024,Consumption unavailability,Unplanned,0
GT8,2021,Transmission outage,Planned,0
GT8,2021,Transmission outage,Unplanned,0
GT8,2021,Production unavailability,Planned,0
GT8,2021,Production unavailability,Unplanned,0
GT8,2021,Consumption unavailability,Planned,0
GT8,2021,Consumption unavailability,Unplanned,0
GT8,2025,Transmission outage,Planned,0
GT8,2025,Transmission outage,Unplanned,0
GT8,2025,Production unavailability,Planned,0
GT8,2025,Production unavailability,Unplanned,0
GT8,2025,Consumption unavailability,Planned,0
GT8,2025,Consumption unavailability,Unplanned,0
HP1,2019,Transmission outage,Planned,2
HP1,2019,Transmission outage,Unplanned,0
HP1,2019,Production unavailability,Planned,0
HP1,2019,Production unavailability,Unplanned,0
HP1,2019,Consumption unavailability,Planned,0
HP1,2019,Consumption unavailability,Unplanned,0
HP2,2019,Transmission outage,Planned,2
HP2,2019,Transmission outage,Unplanned,0
HP2,2019,Production unavailability,Planned,0
HP2,2019,Production unavailability,Unplanned,0
HP2,2019,Consumption unavailability,Planned,0
HP2,2019,Consumption unavailability,Unplanned,0
HP6,2023,Transmission outage,Planned,0
HP6,2023,Transmission outage,Unplanned,0
HP6,2023,Production unavailability,Planned,0
HP6,2023,Production unavailability,Unplanned,0
HP6,2023,Consumption unavailability,Planned,0
HP6,2023,Consumption unavailability,Unplanned,0
HR2,2015,Transmission outage,Planned,0
HR2,2015,Transmission outage,Unplanned,0
HR2,2015,Production unavailability,Planned,0
HR2,2015,Production unavailability,Unplanned,0
HR2,2015,Consumption unavailability,Planned,0
HR2,2015,Consumption unavailability,Unplanned,0
IH1,2023,Transmission outage,Planned,0
IH1,2023,Transmission outage,Unplanned,0
IH1,2023,Production unavailability,Planned,0
IH1,2023,Production unavailability,Unplanned,0
IH1,2023,Consumption unavailability,Planned,0
IH1,2023,Consumption unavailability,Unplanned,0
IH1,2025,Transmission outage,Planned,0
IH1,2025,Transmission outage,Unplanned,0
IH1,2025,Production unavailability,Planned,0
IH1,2025,Production unavailability,Unplanned,0
IH1,2025,Consumption unavailability,Planned,0
IH1,2025,Consumption unavailability,Unplanned,0
IK2,2020,Transmission outage,Planned,0
IK2,2020,Transmission outage,Unplanned,0
IK2,2020,Production unavailability,Planned,0
IK2,2020,Production unavailability,Unplanned,0
IK2,2020,Consumption unavailability,Planned,0
IK2,2020,Consumption unavailability,Unplanned,0
IN1,2013,Transmission outage,Planned,0
IN1,2013,Transmission outage,Unplanned,0
IN1,2013,Production unavailability,Planned,0
IN1,2013,Production unavailability,Unplanned,0
IN1,2013,Consumption unavailability,Planned,0
IN1,2013,Consumption unavailability,Unplanned,0
IN2,2013,Transmission outage,Planned,0
IN2,2013,Transmission outage,Unplanned,0
IN2,2013,Production unavailability,Planned,0
IN2,2013,Production unavailability,Unplanned,0
IN2,2013,Consumption unavailability,Planned,0
IN2,2013,Consumption unavailability,Unplanned,0
IN3,2013,Transmission outage,Planned,0
IN3,2013,Transmission outage,Unplanned,0
IN3,2013,Production unavailability,Planned,0
IN3,2013,Production unavailability,Unplanned,0
IN3,2013,Consumption unavailability,Planned,0
IN3,2013,Consumption unavailability,Unplanned,0
IR2,2025,Transmission outage,Planned,0
IR2,2025,Transmission outage,Unplanned,0
IR2,2025,Production unavailability,Planned,0
IR2,2025,Production unavailability,Unplanned,0
IR2,2025,Consumption unavailability,Planned,0
IR2,2025,Consumption unavailability,Unplanned,0
IS2,2025,Transmission outage,Planned,0
IS2,2025,Transmission outage,Unplanned,0
IS2,2025,Production unavailability,Planned,0
IS2,2025,Production unavailability,Unplanned,0
IS2,2025,Consumption unavailability,Planned,0
IS2,2025,Consumption unavailability,Unplanned,0
IS3,2025,Transmission outage,Planned,0
IS3,2025,Transmission outage,Unplanned,0
IS3,2025,Production unavailability,Planned,0
IS3,2025,Production unavailability,Unplanned,0
IS3,2025,Consumption unavailability,Planned,0
IS3,2025,Consumption unavailability,Unplanned,0
KS1,2013,Transmission outage,Planned,0
KS1,2013,Transmission outage,Unplanned,1
KS1,2013,Production unavailability,Planned,0
KS1,2013,Production unavailability,Unplanned,0
KS1,2013,Consumption unavailability,Planned,0
KS1,2013,Consumption unavailability,Unplanned,0
KS1,2014,Transmission outage,Planned,1
KS1,2014,Transmission outage,Unplanned,0
KS1,2014,Production unavailability,Planned,0
KS1,2014,Production unavailability,Unplanned,0
KS1,2014,Consumption unavailability,Planned,0
KS1,2014,Consumption unavailability,Unplanned,0
KS1,2015,Transmission outage,Planned,1
KS1,2015,Transmission outage,Unplanned,1
KS1,2015,Production unavailability,Planned,0
KS1,2015,Production unavailability,Unplanned,0
KS1,2015,Consumption unavailability,Planned,0
KS1,2015,Consumption unavailability,Unplanned,0
KS1,2019,Transmission outage,Planned,0
KS1,2019,Transmission outage,Unplanned,3
KS1,2019,Production unavailability,Planned,0
KS1,2019,Production unavailability,Unplanned,0
KS1,2019,Consumption unavailability,Planned,0
KS1,2019,Consumption unavailability,Unplanned,0
KS1,2020,Transmission outage,Planned,1
KS1,2020,Transmission outage,Unplanned,0
KS1,2020,Production unavailability,Planned,0
KS1,2020,Production unavailability,Unplanned,0
KS1,2020,Consumption unavailability,Planned,0
KS1,2020,Consumption unavailability,Unplanned,0
KS1,2023,Transmission outage,Planned,1
KS1,2023,Transmission outage,Unplanned,0
KS1,2023,Production unavailability,Planned,0
KS1,2023,Production unavailability,Unplanned,0
KS1,2023,Consumption unavailability,Planned,0
KS1,2023,Consumption unavailability,Unplanned,0
KS2,2014,Transmission outage,Planned,1
KS2,2014,Transmission outage,Unplanned,0
KS2,2014,Production unavailability,Planned,0
KS2,2014,Production unavailability,Unplanned,0
KS2,2014,Consumption unavailability,Planned,0
KS2,2014,Consumption unavailability,Unplanned,0
KS2,2015,Transmission outage,Planned,1
KS2,2015,Transmission outage,Unplanned,0
KS2,2015,Production unavailability,Planned,0
KS2,2015,Production unavailability,Unplanned,0
KS2,2015,Consumption unavailability,Planned,0
KS2,2015,Consumption unavailability,Unplanned,0
KS2,2019,Transmission outage,Planned,0
KS2,2019,Transmission outage,Unplanned,3
KS2,2019,Production unavailability,Planned,0
KS2,2019,Production unavailability,Unplanned,0
KS2,2019,Consumption unavailability,Planned,0
KS2,2019,Consumption unavailability,Unplanned,0
KS2,2020,Transmission outage,Planned,1
KS2,2020,Transmission outage,Unplanned,0
KS2,2020,Production unavailability,Planned,0
KS2,2020,Production unavailability,Unplanned,0
KS2,2020,Consumption unavailability,Planned,0
KS2,2020,Consumption unavailability,Unplanned,0
KT4,2014,Transmission outage,Planned,0
KT4,2014,Transmission outage,Unplanned,0
KT4,2014,Production unavailability,Planned,0
KT4,2014,Production unavailability,Unplanned,0
KT4,2014,Consumption unavailability,Planned,0
KT4,2014,Consumption unavailability,Unplanned,0
KT4,2017,Transmission outage,Planned,0
KT4,2017,Transmission outage,Unplanned,0
KT4,2017,Production unavailability,Planned,0
KT4,2017,Production unavailability,Unplanned,0
KT4,2017,Consumption unavailability,Planned,0
KT4,2017,Consumption unavailability,Unplanned,0
KT5,2015,Transmission outage,Planned,0
KT5,2015,Transmission outage,Unplanned,0
KT5,2015,Production unavailability,Planned,0
KT5,2015,Production unavailability,Unplanned,0
KT5,2015,Consumption unavailability,Planned,0
KT5,2015,Consumption unavailability,Unplanned,0
KT5,2017,Transmission outage,Planned,0
KT5,2017,Transmission outage,Unplanned,0
KT5,2017,Production unavailability,Planned,0
KT5,2017,Production unavailability,Unplanned,0
KT5,2017,Consumption unavailability,Planned,0
KT5,2017,Consumption unavailability,Unplanned,0
KT5,2025,Transmission outage,Planned,0
KT5,2025,Transmission outage,Unplanned,0
KT5,2025,Production unavailability,Planned,0
KT5,2025,Production unavailability,Unplanned,0
KT5,2025,Consumption unavailability,Planned,0
KT5,2025,Consumption unavailability,Unplanned,0
LO1,2016,Transmission outage,Planned,0
LO1,2016,Transmission outage,Unplanned,0
LO1,2016,Production unavailability,Planned,1
LO1,2016,Production unavailability,Unplanned,0
LO1,2016,Consumption unavailability,Planned,0
LO1,2016,Consumption unavailability,Unplanned,0
MI1,2022,Transmission outage,Planned,0
MI1,2022,Transmission outage,Unplanned,0
MI1,2022,Production unavailability,Planned,0
MI1,2022,Production unavailability,Unplanned,0
MI1,2022,Consumption unavailability,Planned,0
MI1,2022,Consumption unavailability,Unplanned,0
MI2,2025,Transmission outage,Planned,0
MI2,2025,Transmission outage,Unplanned,0
MI2,2025,Production unavailability,Planned,0
MI2,2025,Production unavailability,Unplanned,0
MI2,2025,Consumption unavailability,Planned,0
MI2,2025,Consumption unavailability,Unplanned,0
MP1,2021,Transmission outage,Planned,0
MP1,2021,Transmission outage,Unplanned,0
MP1,2021,Production unavailability,Planned,0
MP1,2021,Production unavailability,Unplanned,0
MP1,2021,Consumption unavailability,Planned,0
MP1,2021,Consumption unavailability,Unplanned,0
MP1,2025,Transmission outage,Planned,0
MP1,2025,Transmission outage,Unplanned,0
MP1,2025,Production unavailability,Planned,0
MP1,2025,Production unavailability,Unplanned,0
MP1,2025,Consumption unavailability,Planned,0
MP1,2025,Consumption unavailability,Unplanned,0
MP2,2023,Transmission outage,Planned,0
MP2,2023,Transmission outage,Unplanned,0
MP2,2023,Production unavailability,Planned,0
MP2,2023,Production unavailability,Unplanned,0
MP2,2023,Consumption unavailability,Planned,0
MP2,2023,Consumption unavailability,Unplanned,0
MP2,2024,Transmission outage,Planned,0
MP2,2024,Transmission outage,Unplanned,0
MP2,2024,Production unavailability,Planned,0
MP2,2024,Production unavailability,Unplanned,0
MP2,2024,Consumption unavailability,Planned,0
MP2,2024,Consumption unavailability,Unplanned,0
MP2,2025,Transmission outage,Planned,0
MP2,2025,Transmission outage,Unplanned,0
MP2,2025,Production unavailability,Planned,1
MP2,2025,Production unavailability,Unplanned,0
MP2,2025,Consumption unavailability,Planned,0
MP2,2025,Consumption unavailability,Unplanned,0
MP3,2023,Transmission outage,Planned,0
MP3,2023,Transmission outage,Unplanned,0
MP3,2023,Production unavailability,Planned,0
MP3,2023,Production unavailability,Unplanned,0
MP3,2023,Consumption unavailability,Planned,0
MP3,2023,Consumption unavailability,Unplanned,0
MP3,2024,Transmission outage,Planned,0
MP3,2024,Transmission outage,Unplanned,0
MP3,2024,Production unavailability,Planned,0
MP3,2024,Production unavailability,Unplanned,0
MP3,2024,Consumption unavailability,Planned,0
MP3,2024,Consumption unavailability,Unplanned,0
MP3,2025,Transmission outage,Planned,0
MP3,2025,Transmission outage,Unplanned,0
MP3,2025,Production unavailability,Planned,0
MP3,2025,Production unavailability,Unplanned,0
MP3,2025,Consumption unavailability,Planned,0
MP3,2025,Consumption unavailability,Unplanned,0
MP5,2023,Transmission outage,Planned,0
MP5,2023,Transmission outage,Unplanned,0
MP5,2023,Production unavailability,Planned,0
MP5,2023,Production unavailability,Unplanned,0
MP5,2023,Consumption unavailability,Planned,0
MP5,2023,Consumption unavailability,Unplanned,0
NA1,2015,Transmission outage,Planned,0
NA1,2015,Transmission outage,Unplanned,0
NA1,2015,Production unavailability,Planned,1
NA1,2015,Production unavailability,Unplanned,0
NA1,2015,Consumption unavailability,Planned,0
NA1,2015,Consumption unavailability,Unplanned,0
NO1,2013,Transmission outage,Planned,8
NO1,2013,Transmission outage,Unplanned,1
NO1,2013,Production unavailability,Planned,1
NO1,2013,Production unavailability,Unplanned,0
NO1,2013,Consumption unavailability,Planned,0
NO1,2013,Consumption unavailability,Unplanned,0
NO1,2014,Transmission outage,Planned,8
NO1,2014,Transmission outage,Unplanned,0
NO1,2014,Production unavailability,Planned,1
NO1,2014,Production unavailability,Unplanned,0
NO1,2014,Consumption unavailability,Planned,0
NO1,2014,Consumption unavailability,Unplanned,0
NO1,2015,Transmission outage,Planned,6
NO1,2015,Transmission outage,Unplanned,1
NO1,2015,Production unavailability,Planned,1
NO1,2015,Production unavailability,Unplanned,0
NO1,2015,Consumption unavailability,Planned,0
NO1,2015,Consumption unavailability,Unplanned,0
NO1,2016,Transmission outage,Planned,11
NO1,2016,Transmission outage,Unplanned,2
NO1,2016,Production unavailability,Planned,0
NO1,2016,Production unavailability,Unplanned,0
NO1,2016,Consumption unavailability,Planned,0
NO1,2016,Consumption unavailability,Unplanned,0
NO1,2017,Transmission outage,Planned,2
NO1,2017,Transmission outage,Unplanned,2
NO1,2017,Production unavailability,Planned,0
NO1,2017,Production unavailability,Unplanned,0
NO1,2017,Consumption unavailability,Planned,0
NO1,2017,Consumption unavailability,Unplanned,0
NO1,2018,Transmission outage,Planned,0
NO1,2018,Transmission outage,Unplanned,0
NO1,2018,Production unavailability,Planned,0
NO1,2018,Production unavailability,Unplanned,0
NO1,2018,Consumption unavailability,Planned,0
NO1,2018,Consumption unavailability,Unplanned,0
NO1,2019,Transmission outage,Planned,2
NO1,2019,Transmission outage,Unplanned,0
NO1,2019,Production unavailability,Planned,0
NO1,2019,Production unavailability,Unplanned,0
NO1,2019,Consumption unavailability,Planned,0
NO1,2019,Consumption unavailability,Unplanned,0
NO1,2020,Transmission outage,Planned,0
NO1,2020,Transmission outage,Unplanned,0
NO1,2020,Production unavailability,Planned,0
NO1,2020,Production unavailability,Unplanned,0
NO1,2020,Consumption unavailability,Planned,0
NO1,2020,Consumption unavailability,Unplanned,0
NO1,2021,Transmission outage,Planned,0
NO1,2021,Transmission outage,Unplanned,1
NO1,2021,Production unavailability,Planned,0
NO1,2021,Production unavailability,Unplanned,0
NO1,2021,Consumption unavailability,Planned,0
NO1,2021,Consumption unavailability,Unplanned,0
NO1,2022,Transmission outage,Planned,1
NO1,2022,Transmission outage,Unplanned,0
NO1,2022,Production unavailability,Planned,0
NO1,2022,Production unavailability,Unplanned,0
NO1,2022,Consumption unavailability,Planned,0
NO1,2022,Consumption unavailability,Unplanned,0
NO1,2023,Transmission outage,Planned,0
NO1,2023,Transmission outage,Unplanned,0
NO1,2023,Production unavailability,Planned,0
NO1,2023,Production unavailability,Unplanned,0
NO1,2023,Consumption unavailability,Planned,0
NO1,2023,Consumption unavailability,Unplanned,0
NO1,2024,Transmission outage,Planned,1
NO1,2024,Transmission outage,Unplanned,0
NO1,2024,Production unavailability,Planned,0
NO1,2024,Production unavailability,Unplanned,0
NO1,2024,Consumption unavailability,Planned,0
NO1,2024,Consumption unavailability,Unplanned,0
NO1,2025,Transmission outage,Planned,0
NO1,2025,Transmission outage,Unplanned,0
NO1,2025,Production unavailability,Planned,0
NO1,2025,Production unavailability,Unplanned,1
NO1,2025,Consumption unavailability,Planned,0
NO1,2025,Consumption unavailability,Unplanned,0
NO2,2013,Transmission outage,Planned,2
NO2,2013,Transmission outage,Unplanned,0
NO2,2013,Production unavailability,Planned,0
NO2,2013,Production unavailability,Unplanned,0
NO2,2013,Consumption unavailability,Planned,0
NO2,2013,Consumption unavailability,Unplanned,0
NO2,2014,Transmission outage,Planned,5
NO2,2014,Transmission outage,Unplanned,0
NO2,2014,Production unavailability,Planned,4
NO2,2014,Production unavailability,Unplanned,0
NO2,2014,Consumption unavailability,Planned,0
NO2,2014,Consumption unavailability,Unplanned,0
NO2,2015,Transmission outage,Planned,12
NO2,2015,Transmission outage,Unplanned,1
NO2,2015,Production unavailability,Planned,0
NO2,2015,Production unavailability,Unplanned,0
NO2,2015,Consumption unavailability,Planned,0
NO2,2015,Consumption unavailability,Unplanned,0
NO2,2016,Transmission outage,Planned,13
NO2,2016,Transmission outage,Unplanned,0
NO2,2016,Production unavailability,Planned,0
NO2,2016,Production unavailability,Unplanned,0
NO2,2016,Consumption unavailability,Planned,0
NO2,2016,Consumption unavailability,Unplanned,0
NO2,2017,Transmission outage,Planned,7
NO2,2017,Transmission outage,Unplanned,1
NO2,2017,Production unavailability,Planned,0
NO2,2017,Production unavailability,Unplanned,0
NO2,2017,Consumption unavailability,Planned,0
NO2,2017,Consumption unavailability,Unplanned,0
NO2,2018,Transmission outage,Planned,4
NO2,2018,Transmission outage,Unplanned,0
NO2,2018,Production unavailability,Planned,0
NO2,2018,Production unavailability,Unplanned,0
NO2,2018,Consumption unavailability,Planned,0
NO2,2018,Consumption unavailability,Unplanned,0
NO2,2019,Transmission outage,Planned,1
NO2,2019,Transmission outage,Unplanned,0
NO2,2019,Production unavailability,Planned,0
NO2,2019,Production unavailability,Unplanned,0
NO2,2019,Consumption unavailability,Planned,0
NO2,2019,Consumption unavailability,Unplanned,0
NO2,2020,Transmission outage,Planned,1
NO2,2020,Transmission outage,Unplanned,0
NO2,2020,Production unavailability,Planned,0
NO2,2020,Production unavailability,Unplanned,0
NO2,2020,Consumption unavailability,Planned,0
NO2,2020,Consumption unavailability,Unplanned,0
NO2,2021,Transmission outage,Planned,2
NO2,2021,Transmission outage,Unplanned,0
NO2,2021,Production unavailability,Planned,0
NO2,2021,Production unavailability,Unplanned,0
NO2,2021,Consumption unavailability,Planned,0
NO2,2021,Consumption unavailability,Unplanned,0
NO2,2022,Transmission outage,Planned,1
NO2,2022,Transmission outage,Unplanned,0
NO2,2022,Production unavailability,Planned,0
NO2,2022,Production unavailability,Unplanned,0
NO2,2022,Consumption unavailability,Planned,0
NO2,2022,Consumption unavailability,Unplanned,0
NO2,2023,Transmission outage,Planned,0
NO2,2023,Transmission outage,Unplanned,1
NO2,2023,Production unavailability,Planned,0
NO2,2023,Production unavailability,Unplanned,0
NO2,2023,Consumption unavailability,Planned,0
NO2,2023,Consumption unavailability,Unplanned,0
NO2,2024,Transmission outage,Planned,0
NO2,2024,Transmission outage,Unplanned,0
NO2,2024,Production unavailability,Planned,0
NO2,2024,Production unavailability,Unplanned,0
NO2,2024,Consumption unavailability,Planned,0
NO2,2024,Consumption unavailability,Unplanned,0
NO2,2025,Transmission outage,Planned,0
NO2,2025,Transmission outage,Unplanned,0
NO2,2025,Production unavailability,Planned,0
NO2,2025,Production unavailability,Unplanned,0
NO2,2025,Consumption unavailability,Planned,0
NO2,2025,Consumption unavailability,Unplanned,0
NO3,2013,Transmission outage,Planned,2
NO3,2013,Transmission outage,Unplanned,0
NO3,2013,Production unavailability,Planned,0
NO3,2013,Production unavailability,Unplanned,0
NO3,2013,Consumption unavailability,Planned,0
NO3,2013,Consumption unavailability,Unplanned,0
NO3,2014,Transmission outage,Planned,1
NO3,2014,Transmission outage,Unplanned,0
NO3,2014,Production unavailability,Planned,0
NO3,2014,Production unavailability,Unplanned,0
NO3,2014,Consumption unavailability,Planned,0
NO3,2014,Consumption unavailability,Unplanned,0
NO3,2015,Transmission outage,Planned,0
NO3,2015,Transmission outage,Unplanned,0
NO3,2015,Production unavailability,Planned,0
NO3,2015,Production unavailability,Unplanned,0
NO3,2015,Consumption unavailability,Planned,0
NO3,2015,Consumption unavailability,Unplanned,0
NO3,2016,Transmission outage,Planned,9
NO3,2016,Transmission outage,Unplanned,1
NO3,2016,Production unavailability,Planned,0
NO3,2016,Production unavailability,Unplanned,0
NO3,2016,Consumption unavailability,Planned,0
NO3,2016,Consumption unavailability,Unplanned,0
NO3,2017,Transmission outage,Planned,0
NO3,2017,Transmission outage,Unplanned,0
NO3,2017,Production unavailability,Planned,0
NO3,2017,Production unavailability,Unplanned,0
NO3,2017,Consumption unavailability,Planned,0
NO3,2017,Consumption unavailability,Unplanned,0
NO3,2018,Transmission outage,Planned,0
NO3,2018,Transmission outage,Unplanned,0
NO3,2018,Production unavailability,Planned,0
NO3,2018,Production unavailability,Unplanned,0
NO3,2018,Consumption unavailability,Planned,0
NO3,2018,Consumption unavailability,Unplanned,0
NO3,2019,Transmission outage,Planned,0
NO3,2019,Transmission outage,Unplanned,0
NO3,2019,Production unavailability,Planned,0
NO3,2019,Production unavailability,Unplanned,0
NO3,2019,Consumption unavailability,Planned,0
NO3,2019,Consumption unavailability,Unplanned,0
NO3,2020,Transmission outage,Planned,2
NO3,2020,Transmission outage,Unplanned,0
NO3,2020,Production unavailability,Planned,0
NO3,2020,Production unavailability,Unplanned,0
NO3,2020,Consumption unavailability,Planned,0
NO3,2020,Consumption unavailability,Unplanned,0
NO3,2021,Transmission outage,Planned,0
NO3,2021,Transmission outage,Unplanned,0
NO3,2021,Production unavailability,Planned,0
NO3,2021,Production unavailability,Unplanned,0
NO3,2021,Consumption unavailability,Planned,0
NO3,2021,Consumption unavailability,Unplanned,0
NO3,2022,Transmission outage,Planned,0
NO3,2022,Transmission outage,Unplanned,0
NO3,2022,Production unavailability,Planned,0
NO3,2022,Production unavailability,Unplanned,0
NO3,2022,Consumption unavailability,Planned,0
NO3,2022,Consumption unavailability,Unplanned,0
NO3,2023,Transmission outage,Planned,0
NO3,2023,Transmission outage,Unplanned,0
NO3,2023,Production unavailability,Planned,0
NO3,2023,Production unavailability,Unplanned,0
NO3,2023,Consumption unavailability,Planned,0
NO3,2023,Consumption unavailability,Unplanned,0
NO3,2024,Transmission outage,Planned,0
NO3,2024,Transmission outage,Unplanned,0
NO3,2024,Production unavailability,Planned,0
NO3,2024,Production unavailability,Unplanned,0
NO3,2024,Consumption unavailability,Planned,0
NO3,2024,Consumption unavailability,Unplanned,0
NO3,2025,Transmission outage,Planned,0
NO3,2025,Transmission outage,Unplanned,0
NO3,2025,Production unavailability,Planned,0
NO3,2025,Production unavailability,Unplanned,1
NO3,2025,Consumption unavailability,Planned,0
NO3,2025,Consumption unavailability,Unplanned,0
NO4,2013,Transmission outage,Planned,2
NO4,2013,Transmission outage,Unplanned,0
NO4,2013,Production unavailability,Planned,0
NO4,2013,Production unavailability,Unplanned,0
NO4,2013,Consumption unavailability,Planned,0
NO4,2013,Consumption unavailability,Unplanned,0
NO4,2014,Transmission outage,Planned,1
NO4,2014,Transmission outage,Unplanned,0
NO4,2014,Production unavailability,Planned,0
NO4,2014,Production unavailability,Unplanned,0
NO4,2014,Consumption unavailability,Planned,0
NO4,2014,Consumption unavailability,Unplanned,0
NO4,2015,Transmission outage,Planned,1
NO4,2015,Transmission outage,Unplanned,0
NO4,2015,Production unavailability,Planned,0
NO4,2015,Production unavailability,Unplanned,0
NO4,2015,Consumption unavailability,Planned,0
NO4,2015,Consumption unavailability,Unplanned,0
NO4,2016,Transmission outage,Planned,10
NO4,2016,Transmission outage,Unplanned,0
NO4,2016,Production unavailability,Planned,0
NO4,2016,Production unavailability,Unplanned,0
NO4,2016,Consumption unavailability,Planned,0
NO4,2016,Consumption unavailability,Unplanned,0
NO4,2017,Transmission outage,Planned,0
NO4,2017,Transmission outage,Unplanned,0
NO4,2017,Production unavailability,Planned,0
NO4,2017,Production unavailability,Unplanned,0
NO4,2017,Consumption unavailability,Planned,0
NO4,2017,Consumption unavailability,Unplanned,0
NO4,2018,Transmission outage,Planned,0
NO4,2018,Transmission outage,Unplanned,0
NO4,2018,Production unavailability,Planned,0
NO4,2018,Production unavailability,Unplanned,0
NO4,2018,Consumption unavailability,Planned,0
NO4,2018,Consumption unavailability,Unplanned,0
NO4,2019,Transmission outage,Planned,0
NO4,2019,Transmission outage,Unplanned,0
NO4,2019,Production unavailability,Planned,0
NO4,2019,Production unavailability,Unplanned,0
NO4,2019,Consumption unavailability,Planned,0
NO4,2019,Consumption unavailability,Unplanned,0
NO4,2020,Transmission outage,Planned,0
NO4,2020,Transmission outage,Unplanned,0
NO4,2020,Production unavailability,Planned,0
NO4,2020,Production unavailability,Unplanned,0
NO4,2020,Consumption unavailability,Planned,0
NO4,2020,Consumption unavailability,Unplanned,0
NO4,2021,Transmission outage,Planned,0
NO4,2021,Transmission outage,Unplanned,0
NO4,2021,Production unavailability,Planned,0
NO4,2021,Production unavailability,Unplanned,0
NO4,2021,Consumption unavailability,Planned,0
NO4,2021,Consumption unavailability,Unplanned,0
NO4,2022,Transmission outage,Planned,0
NO4,2022,Transmission outage,Unplanned,0
NO4,2022,Production unavailability,Planned,0
NO4,2022,Production unavailability,Unplanned,0
NO4,2022,Consumption unavailability,Planned,0
NO4,2022,Consumption unavailability,Unplanned,0
NO4,2023,Transmission outage,Planned,0
NO4,2023,Transmission outage,Unplanned,0
NO4,2023,Production unavailability,Planned,0
NO4,2023,Production unavailability,Unplanned,0
NO4,2023,Consumption unavailability,Planned,0
NO4,2023,Consumption unavailability,Unplanned,0
NO4,2024,Transmission outage,Planned,0
NO4,2024,Transmission outage,Unplanned,0
NO4,2024,Production unavailability,Planned,0
NO4,2024,Production unavailability,Unplanned,0
NO4,2024,Consumption unavailability,Planned,0
NO4,2024,Consumption unavailability,Unplanned,0
NO4,2025,Transmission outage,Planned,0
NO4,2025,Transmission outage,Unplanned,0
NO4,2025,Production unavailability,Planned,0
NO4,2025,Production unavailability,Unplanned,0
NO4,2025,Consumption unavailability,Planned,0
NO4,2025,Consumption unavailability,Unplanned,0
NO5,2013,Transmission outage,Planned,0
NO5,2013,Transmission outage,Unplanned,0
NO5,2013,Production unavailability,Planned,1
NO5,2013,Production unavailability,Unplanned,0
NO5,2013,Consumption unavailability,Planned,0
NO5,2013,Consumption unavailability,Unplanned,0
NO5,2014,Transmission outage,Planned,0
NO5,2014,Transmission outage,Unplanned,0
NO5,2014,Production unavailability,Planned,5
NO5,2014,Production unavailability,Unplanned,0
NO5,2014,Consumption unavailability,Planned,0
NO5,2014,Consumption unavailability,Unplanned,0
NO5,2015,Transmission outage,Planned,0
NO5,2015,Transmission outage,Unplanned,0
NO5,2015,Production unavailability,Planned,1
NO5,2015,Production unavailability,Unplanned,0
NO5,2015,Consumption unavailability,Planned,0
NO5,2015,Consumption unavailability,Unplanned,0
NO5,2016,Transmission outage,Planned,4
NO5,2016,Transmission outage,Unplanned,1
NO5,2016,Production unavailability,Planned,0
NO5,2016,Production unavailability,Unplanned,0
NO5,2016,Consumption unavailability,Planned,0
NO5,2016,Consumption unavailability,Unplanned,0
NO5,2017,Transmission outage,Planned,1
NO5,2017,Transmission outage,Unplanned,1
NO5,2017,Production unavailability,Planned,0
NO5,2017,Production unavailability,Unplanned,0
NO5,2017,Consumption unavailability,Planned,0
NO5,2017,Consumption unavailability,Unplanned,0
NO5,2018,Transmission outage,Planned,0
NO5,2018,Transmission outage,Unplanned,0
NO5,2018,Production unavailability,Planned,0
NO5,2018,Production unavailability,Unplanned,0
NO5,2018,Consumption unavailability,Planned,0
NO5,2018,Consumption unavailability,Unplanned,0
NO5,2019,Transmission outage,Planned,0
NO5,2019,Transmission outage,Unplanned,0
NO5,2019,Production unavailability,Planned,0
NO5,2019,Production unavailability,Unplanned,0
NO5,2019,Consumption unavailability,Planned,0
NO5,2019,Consumption unavailability,Unplanned,0
NO5,2020,Transmission outage,Planned,1
NO5,2020,Transmission outage,Unplanned,0
NO5,2020,Production unavailability,Planned,0
NO5,2020,Production unavailability,Unplanned,0
NO5,2020,Consumption unavailability,Planned,0
NO5,2020,Consumption unavailability,Unplanned,0
NO5,2021,Transmission outage,Planned,0
NO5,2021,Transmission outage,Unplanned,0
NO5,2021,Production unavailability,Planned,0
NO5,2021,Production unavailability,Unplanned,0
NO5,2021,Consumption unavailability,Planned,0
NO5,2021,Consumption unavailability,Unplanned,0
NO5,2022,Transmission outage,Planned,0
NO5,2022,Transmission outage,Unplanned,0
NO5,2022,Production unavailability,Planned,0
NO5,2022,Production unavailability,Unplanned,0
NO5,2022,Consumption unavailability,Planned,0
NO5,2022,Consumption unavailability,Unplanned,0
NO5,2023,Transmission outage,Planned,0
NO5,2023,Transmission outage,Unplanned,0
NO5,2023,Production unavailability,Planned,0
NO5,2023,Production unavailability,Unplanned,0
NO5,2023,Consumption unavailability,Planned,0
NO5,2023,Consumption unavailability,Unplanned,0
NO5,2024,Transmission outage,Planned,0
NO5,2024,Transmission outage,Unplanned,0
NO5,2024,Production unavailability,Planned,0
NO5,2024,Production unavailability,Unplanned,0
NO5,2024,Consumption unavailability,Planned,0
NO5,2024,Consumption unavailability,Unplanned,0
NO5,2025,Transmission outage,Planned,0
NO5,2025,Transmission outage,Unplanned,0
NO5,2025,Production unavailability,Planned,0
NO5,2025,Production unavailability,Unplanned,1
NO5,2025,Consumption unavailability,Planned,0
NO5,2025,Consumption unavailability,Unplanned,0
OL2,2024,Transmission outage,Planned,0
OL2,2024,Transmission outage,Unplanned,0
OL2,2024,Production unavailability,Planned,0
OL2,2024,Production unavailability,Unplanned,0
OL2,2024,Consumption unavailability,Planned,0
OL2,2024,Consumption unavailability,Unplanned,0
OL2,2025,Transmission outage,Planned,0
OL2,2025,Transmission outage,Unplanned,0
OL2,2025,Production unavailability,Planned,0
OL2,2025,Production unavailability,Unplanned,0
OL2,2025,Consumption unavailability,Planned,0
OL2,2025,Consumption unavailability,Unplanned,0
OL3,2022,Transmission outage,Planned,0
OL3,2022,Transmission outage,Unplanned,0
OL3,2022,Production unavailability,Planned,0
OL3,2022,Production unavailability,Unplanned,0
OL3,2022,Consumption unavailability,Planned,0
OL3,2022,Consumption unavailability,Unplanned,0
OL3,2023,Transmission outage,Planned,0
OL3,2023,Transmission outage,Unplanned,0
OL3,2023,Production unavailability,Planned,1
OL3,2023,Production unavailability,Unplanned,0
OL3,2023,Consumption unavailability,Planned,0
OL3,2023,Consumption unavailability,Unplanned,0
OL3,2024,Transmission outage,Planned,0
OL3,2024,Transmission outage,Unplanned,0
OL3,2024,Production unavailability,Planned,0
OL3,2024,Production unavailability,Unplanned,0
OL3,2024,Consumption unavailability,Planned,0
OL3,2024,Consumption unavailability,Unplanned,0
OL3,2025,Transmission outage,Planned,0
OL3,2025,Transmission outage,Unplanned,0
OL3,2025,Production unavailability,Planned,0
OL3,2025,Production unavailability,Unplanned,0
OL3,2025,Consumption unavailability,Planned,0
OL3,2025,Consumption unavailability,Unplanned,0
PB5,2021,Transmission outage,Planned,0
PB5,2021,Transmission outage,Unplanned,0
PB5,2021,Production unavailability,Planned,1
PB5,2021,Production unavailability,Unplanned,0
PB5,2021,Consumption unavailability,Planned,0
PB5,2021,Consumption unavailability,Unplanned,0
PB6,2020,Transmission outage,Planned,0
PB6,2020,Transmission outage,Unplanned,0
PB6,2020,Production unavailability,Planned,2
PB6,2020,Production unavailability,Unplanned,0
PB6,2020,Consumption unavailability,Planned,0
PB6,2020,Consumption unavailability,Unplanned,0
PB7,2024,Transmission outage,Planned,0
PB7,2024,Transmission outage,Unplanned,0
PB7,2024,Production unavailability,Planned,0
PB7,2024,Production unavailability,Unplanned,0
PB7,2024,Consumption unavailability,Planned,0
PB7,2024,Consumption unavailability,Unplanned,0
PB7,2025,Transmission outage,Planned,0
PB7,2025,Transmission outage,Unplanned,0
PB7,2025,Production unavailability,Planned,0
PB7,2025,Production unavailability,Unplanned,0
PB7,2025,Consumption unavailability,Planned,0
PB7,2025,Consumption unavailability,Unplanned,0
PB8,2024,Transmission outage,Planned,0
PB8,2024,Transmission outage,Unplanned,0
PB8,2024,Production unavailability,Planned,0
PB8,2024,Production unavailability,Unplanned,0
PB8,2024,Consumption unavailability,Planned,0
PB8,2024,Consumption unavailability,Unplanned,0
PB8,2025,Transmission outage,Planned,0
PB8,2025,Transmission outage,Unplanned,0
PB8,2025,Production unavailability,Planned,0
PB8,2025,Production unavailability,Unplanned,0
PB8,2025,Consumption unavailability,Planned,0
PB8,2025,Consumption unavailability,Unplanned,0
PH1,2016,Transmission outage,Planned,0
PH1,2016,Transmission outage,Unplanned,0
PH1,2016,Production unavailability,Planned,0
PH1,2016,Production unavailability,Unplanned,0
PH1,2016,Consumption unavailability,Planned,0
PH1,2016,Consumption unavailability,Unplanned,0
PH1,2018,Transmission outage,Planned,0
PH1,2018,Transmission outage,Unplanned,0
PH1,2018,Production unavailability,Planned,0
PH1,2018,Production unavailability,Unplanned,0
PH1,2018,Consumption unavailability,Planned,0
PH1,2018,Consumption unavailability,Unplanned,0
PH1,2022,Transmission outage,Planned,0
PH1,2022,Transmission outage,Unplanned,0
PH1,2022,Production unavailability,Planned,0
PH1,2022,Production unavailability,Unplanned,0
PH1,2022,Consumption unavailability,Planned,0
PH1,2022,Consumption unavailability,Unplanned,0
PH1,2023,Transmission outage,Planned,0
PH1,2023,Transmission outage,Unplanned,0
PH1,2023,Production unavailability,Planned,0
PH1,2023,Production unavailability,Unplanned,0
PH1,2023,Consumption unavailability,Planned,0
PH1,2023,Consumption unavailability,Unplanned,0
PH1,2024,Transmission outage,Planned,0
PH1,2024,Transmission outage,Unplanned,0
PH1,2024,Production unavailability,Planned,0
PH1,2024,Production unavailability,Unplanned,0
PH1,2024,Consumption unavailability,Planned,0
PH1,2024,Consumption unavailability,Unplanned,0
PH3,2016,Transmission outage,Planned,0
PH3,2016,Transmission outage,Unplanned,0
PH3,2016,Production unavailability,Planned,0
PH3,2016,Production unavailability,Unplanned,0
PH3,2016,Consumption unavailability,Planned,0
PH3,2016,Consumption unavailability,Unplanned,0
PH3,2022,Transmission outage,Planned,0
PH3,2022,Transmission outage,Unplanned,0
PH3,2022,Production unavailability,Planned,0
PH3,2022,Production unavailability,Unplanned,0
PH3,2022,Consumption unavailability,Planned,0
PH3,2022,Consumption unavailability,Unplanned,0
PH6,2018,Transmission outage,Planned,0
PH6,2018,Transmission outage,Unplanned,0
PH6,2018,Production unavailability,Planned,0
PH6,2018,Production unavailability,Unplanned,0
PH6,2018,Consumption unavailability,Planned,0
PH6,2018,Consumption unavailability,Unplanned,0
PH6,2021,Transmission outage,Planned,0
PH6,2021,Transmission outage,Unplanned,0
PH6,2021,Production unavailability,Planned,0
PH6,2021,Production unavailability,Unplanned,0
PH6,2021,Consumption unavailability,Planned,0
PH6,2021,Consumption unavailability,Unplanned,0
PH7,2023,Transmission outage,Planned,0
PH7,2023,Transmission outage,Unplanned,0
PH7,2023,Production unavailability,Planned,0
PH7,2023,Production unavailability,Unplanned,0
PH7,2023,Consumption unavailability,Planned,0
PH7,2023,Consumption unavailability,Unplanned,0
PH7,2024,Transmission outage,Planned,0
PH7,2024,Transmission outage,Unplanned,0
PH7,2024,Production unavailability,Planned,0
PH7,2024,Production unavailability,Unplanned,0
PH7,2024,Consumption unavailability,Planned,0
PH7,2024,Consumption unavailability,Unplanned,0
PH8,2020,Transmission outage,Planned,0
PH8,2020,Transmission outage,Unplanned,0
PH8,2020,Production unavailability,Planned,0
PH8,2020,Production unavailability,Unplanned,0
PH8,2020,Consumption unavailability,Planned,0
PH8,2020,Consumption unavailability,Unplanned,0
PH8,2022,Transmission outage,Planned,0
PH8,2022,Transmission outage,Unplanned,0
PH8,2022,Production unavailability,Planned,0
PH8,2022,Production unavailability,Unplanned,0
PH8,2022,Consumption unavailability,Planned,0
PH8,2022,Consumption unavailability,Unplanned,0
PH8,2023,Transmission outage,Planned,0
PH8,2023,Transmission outage,Unplanned,0
PH8,2023,Production unavailability,Planned,0
PH8,2023,Production unavailability,Unplanned,0
PH8,2023,Consumption unavailability,Planned,0
PH8,2023,Consumption unavailability,Unplanned,0
PH9,2023,Transmission outage,Planned,0
PH9,2023,Transmission outage,Unplanned,0
PH9,2023,Production unavailability,Planned,0
PH9,2023,Production unavailability,Unplanned,0
PH9,2023,Consumption unavailability,Planned,0
PH9,2023,Consumption unavailability,Unplanned,0
PM2,2015,Transmission outage,Planned,0
PM2,2015,Transmission outage,Unplanned,0
PM2,2015,Production unavailability,Planned,0
PM2,2015,Production unavailability,Unplanned,0
PM2,2015,Consumption unavailability,Planned,0
PM2,2015,Consumption unavailability,Unplanned,0
PM2,2019,Transmission outage,Planned,0
PM2,2019,Transmission outage,Unplanned,0
PM2,2019,Production unavailability,Planned,0
PM2,2019,Production unavailability,Unplanned,0
PM2,2019,Consumption unavailability,Planned,0
PM2,2019,Consumption unavailability,Unplanned,0
PM5,2015,Transmission outage,Planned,0
PM5,2015,Transmission outage,Unplanned,0
PM5,2015,Production unavailability,Planned,0
PM5,2015,Production unavailability,Unplanned,0
PM5,2015,Consumption unavailability,Planned,0
PM5,2015,Consumption unavailability,Unplanned,0
PT1,2024,Transmission outage,Planned,0
PT1,2024,Transmission outage,Unplanned,0
PT1,2024,Production unavailability,Planned,0
PT1,2024,Production unavailability,Unplanned,0
PT1,2024,Consumption unavailability,Planned,0
PT1,2024,Consumption unavailability,Unplanned,0
PT4,2015,Transmission outage,Planned,0
PT4,2015,Transmission outage,Unplanned,1
PT4,2015,Production unavailability,Planned,0
PT4,2015,Production unavailability,Unplanned,0
PT4,2015,Consumption unavailability,Planned,0
PT4,2015,Consumption unavailability,Unplanned,0
PT4,2021,Transmission outage,Planned,0
PT4,2021,Transmission outage,Unplanned,0
PT4,2021,Production unavailability,Planned,0
PT4,2021,Production unavailability,Unplanned,0
PT4,2021,Consumption unavailability,Planned,0
PT4,2021,Consumption unavailability,Unplanned,0
PT4,2022,Transmission outage,Planned,0
PT4,2022,Transmission outage,Unplanned,0
PT4,2022,Production unavailability,Planned,0
PT4,2022,Production unavailability,Unplanned,0
PT4,2022,Consumption unavailability,Planned,0
PT4,2022,Consumption unavailability,Unplanned,0
RP1,2025,Transmission outage,Planned,0
RP1,2025,Transmission outage,Unplanned,0
RP1,2025,Production unavailability,Planned,0
RP1,2025,Production unavailability,Unplanned,0
RP1,2025,Consumption unavailability,Planned,0
RP1,2025,Consumption unavailability,Unplanned,0
RP2,2025,Transmission outage,Planned,0
RP2,2025,Transmission outage,Unplanned,0
RP2,2025,Production unavailability,Planned,0
RP2,2025,Production unavailability,Unplanned,0
RP2,2025,Consumption unavailability,Planned,0
RP2,2025,Consumption unavailability,Unplanned,0
SE1,2013,Transmission outage,Planned,2
SE1,2013,Transmission outage,Unplanned,0
SE1,2013,Production unavailability,Planned,0
SE1,2013,Production unavailability,Unplanned,0
SE1,2013,Consumption unavailability,Planned,0
SE1,2013,Consumption unavailability,Unplanned,0
SE1,2014,Transmission outage,Planned,1
SE1,2014,Transmission outage,Unplanned,0
SE1,2014,Production unavailability,Planned,0
SE1,2014,Production unavailability,Unplanned,0
SE1,2014,Consumption unavailability,Planned,0
SE1,2014,Consumption unavailability,Unplanned,0
SE1,2015,Transmission outage,Planned,1
SE1,2015,Transmission outage,Unplanned,0
SE1,2015,Production unavailability,Planned,0
SE1,2015,Production unavailability,Unplanned,0
SE1,2015,Consumption unavailability,Planned,0
SE1,2015,Consumption unavailability,Unplanned,0
SE1,2016,Transmission outage,Planned,6
SE1,2016,Transmission outage,Unplanned,0
SE1,2016,Production unavailability,Planned,0
SE1,2016,Production unavailability,Unplanned,0
SE1,2016,Consumption unavailability,Planned,0
SE1,2016,Consumption unavailability,Unplanned,0
SE1,2017,Transmission outage,Planned,0
SE1,2017,Transmission outage,Unplanned,0
SE1,2017,Production unavailability,Planned,0
SE1,2017,Production unavailability,Unplanned,0
SE1,2017,Consumption unavailability,Planned,0
SE1,2017,Consumption unavailability,Unplanned,0
SE1,2018,Transmission outage,Planned,1
SE1,2018,Transmission outage,Unplanned,0
SE1,2018,Production unavailability,Planned,0
SE1,2018,Production unavailability,Unplanned,0
SE1,2018,Consumption unavailability,Planned,0
SE1,2018,Consumption unavailability,Unplanned,0
SE1,2019,Transmission outage,Planned,0
SE1,2019,Transmission outage,Unplanned,0
SE1,2019,Production unavailability,Planned,0
SE1,2019,Production unavailability,Unplanned,0
SE1,2019,Consumption unavailability,Planned,0
SE1,2019,Consumption unavailability,Unplanned,0
SE1,2020,Transmission outage,Planned,1
SE1,2020,Transmission outage,Unplanned,0
SE1,2020,Production unavailability,Planned,0
SE1,2020,Production unavailability,Unplanned,0
SE1,2020,Consumption unavailability,Planned,0
SE1,2020,Consumption unavailability,Unplanned,0
SE1,2021,Transmission outage,Planned,0
SE1,2021,Transmission outage,Unplanned,0
SE1,2021,Production unavailability,Planned,0
SE1,2021,Production unavailability,Unplanned,0
SE1,2021,Consumption unavailability,Planned,0
SE1,2021,Consumption unavailability,Unplanned,0
SE1,2022,Transmission outage,Planned,1
SE1,2022,Transmission outage,Unplanned,0
SE1,2022,Production unavailability,Planned,0
SE1,2022,Production unavailability,Unplanned,0
SE1,2022,Consumption unavailability,Planned,0
SE1,2022,Consumption unavailability,Unplanned,0
SE1,2023,Transmission outage,Planned,0
SE1,2023,Transmission outage,Unplanned,0
SE1,2023,Production unavailability,Planned,0
SE1,2023,Production unavailability,Unplanned,0
SE1,2023,Consumption unavailability,Planned,0
SE1,2023,Consumption unavailability,Unplanned,0
SE1,2024,Transmission outage,Planned,0
SE1,2024,Transmission outage,Unplanned,0
SE1,2024,Production unavailability,Planned,0
SE1,2024,Production unavailability,Unplanned,0
SE1,2024,Consumption unavailability,Planned,0
SE1,2024,Consumption unavailability,Unplanned,0
SE1,2025,Transmission outage,Planned,0
SE1,2025,Transmission outage,Unplanned,1
SE1,2025,Production unavailability,Planned,0
SE1,2025,Production unavailability,Unplanned,0
SE1,2025,Consumption unavailability,Planned,0
SE1,2025,Consumption unavailability,Unplanned,0
SE2,2013,Transmission outage,Planned,4
SE2,2013,Transmission outage,Unplanned,0
SE2,2013,Production unavailability,Planned,0
SE2,2013,Production unavailability,Unplanned,0
SE2,2013,Consumption unavailability,Planned,0
SE2,2013,Consumption unavailability,Unplanned,0
SE2,2014,Transmission outage,Planned,1
SE2,2014,Transmission outage,Unplanned,0
SE2,2014,Production unavailability,Planned,0
SE2,2014,Production unavailability,Unplanned,0
SE2,2014,Consumption unavailability,Planned,0
SE2,2014,Consumption unavailability,Unplanned,0
SE2,2015,Transmission outage,Planned,4
SE2,2015,Transmission outage,Unplanned,0
SE2,2015,Production unavailability,Planned,0
SE2,2015,Production unavailability,Unplanned,0
SE2,2015,Consumption unavailability,Planned,0
SE2,2015,Consumption unavailability,Unplanned,0
SE2,2016,Transmission outage,Planned,4
SE2,2016,Transmission outage,Unplanned,0
SE2,2016,Production unavailability,Planned,0
SE2,2016,Production unavailability,Unplanned,0
SE2,2016,Consumption unavailability,Planned,0
SE2,2016,Consumption unavailability,Unplanned,0
SE2,2017,Transmission outage,Planned,0
SE2,2017,Transmission outage,Unplanned,0
SE2,2017,Production unavailability,Planned,0
SE2,2017,Production unavailability,Unplanned,0
SE2,2017,Consumption unavailability,Planned,0
SE2,2017,Consumption unavailability,Unplanned,0
SE2,2018,Transmission outage,Planned,2
SE2,2018,Transmission outage,Unplanned,0
SE2,2018,Production unavailability,Planned,0
SE2,2018,Production unavailability,Unplanned,0
SE2,2018,Consumption unavailability,Planned,0
SE2,2018,Consumption unavailability,Unplanned,0
SE2,2019,Transmission outage,Planned,0
SE2,2019,Transmission outage,Unplanned,0
SE2,2019,Production unavailability,Planned,0
SE2,2019,Production unavailability,Unplanned,0
SE2,2019,Consumption unavailability,Planned,0
SE2,2019,Consumption unavailability,Unplanned,0
SE2,2020,Transmission outage,Planned,3
SE2,2020,Transmission outage,Unplanned,0
SE2,2020,Production unavailability,Planned,0
SE2,2020,Production unavailability,Unplanned,0
SE2,2020,Consumption unavailability,Planned,0
SE2,2020,Consumption unavailability,Unplanned,0
SE2,2021,Transmission outage,Planned,0
SE2,2021,Transmission outage,Unplanned,0
SE2,2021,Production unavailability,Planned,0
SE2,2021,Production unavailability,Unplanned,0
SE2,2021,Consumption unavailability,Planned,0
SE2,2021,Consumption unavailability,Unplanned,0
SE2,2022,Transmission outage,Planned,3
SE2,2022,Transmission outage,Unplanned,1
SE2,2022,Production unavailability,Planned,0
SE2,2022,Production unavailability,Unplanned,0
SE2,2022,Consumption unavailability,Planned,0
SE2,2022,Consumption unavailability,Unplanned,0
SE2,2023,Transmission outage,Planned,0
SE2,2023,Transmission outage,Unplanned,0
SE2,2023,Production unavailability,Planned,0
SE2,2023,Production unavailability,Unplanned,0
SE2,2023,Consumption unavailability,Planned,0
SE2,2023,Consumption unavailability,Unplanned,0
SE2,2024,Transmission outage,Planned,2
SE2,2024,Transmission outage,Unplanned,0
SE2,2024,Production unavailability,Planned,0
SE2,2024,Production unavailability,Unplanned,0
SE2,2024,Consumption unavailability,Planned,0
SE2,2024,Consumption unavailability,Unplanned,0
SE2,2025,Transmission outage,Planned,0
SE2,2025,Transmission outage,Unplanned,0
SE2,2025,Production unavailability,Planned,0
SE2,2025,Production unavailability,Unplanned,0
SE2,2025,Consumption unavailability,Planned,0
SE2,2025,Consumption unavailability,Unplanned,0
SE3,2013,Transmission outage,Planned,14
SE3,2013,Transmission outage,Unplanned,1
SE3,2013,Production unavailability,Planned,0
SE3,2013,Production unavailability,Unplanned,0
SE3,2013,Consumption unavailability,Planned,0
SE3,2013,Consumption unavailability,Unplanned,0
SE3,2014,Transmission outage,Planned,8
SE3,2014,Transmission outage,Unplanned,1
SE3,2014,Production unavailability,Planned,0
SE3,2014,Production unavailability,Unplanned,0
SE3,2014,Consumption unavailability,Planned,7
SE3,2014,Consumption unavailability,Unplanned,3
SE3,2015,Transmission outage,Planned,12
SE3,2015,Transmission outage,Unplanned,1
SE3,2015,Production unavailability,Planned,0
SE3,2015,Production unavailability,Unplanned,0
SE3,2015,Consumption unavailability,Planned,0
SE3,2015,Consumption unavailability,Unplanned,0
SE3,2016,Transmission outage,Planned,10
SE3,2016,Transmission outage,Unplanned,2
SE3,2016,Production unavailability,Planned,0
SE3,2016,Production unavailability,Unplanned,0
SE3,2016,Consumption unavailability,Planned,0
SE3,2016,Consumption unavailability,Unplanned,0
SE3,2017,Transmission outage,Planned,1
SE3,2017,Transmission outage,Unplanned,2
SE3,2017,Production unavailability,Planned,0
SE3,2017,Production unavailability,Unplanned,0
SE3,2017,Consumption unavailability,Planned,0
SE3,2017,Consumption unavailability,Unplanned,0
SE3,2018,Transmission outage,Planned,3
SE3,2018,Transmission outage,Unplanned,0
SE3,2018,Production unavailability,Planned,0
SE3,2018,Production unavailability,Unplanned,0
SE3,2018,Consumption unavailability,Planned,0
SE3,2018,Consumption unavailability,Unplanned,0
SE3,2019,Transmission outage,Planned,2
SE3,2019,Transmission outage,Unplanned,1
SE3,2019,Production unavailability,Planned,0
SE3,2019,Production unavailability,Unplanned,0
SE3,2019,Consumption unavailability,Planned,0
SE3,2019,Consumption unavailability,Unplanned,0
SE3,2020,Transmission outage,Planned,6
SE3,2020,Transmission outage,Unplanned,0
SE3,2020,Production unavailability,Planned,0
SE3,2020,Production unavailability,Unplanned,0
SE3,2020,Consumption unavailability,Planned,0
SE3,2020,Consumption unavailability,Unplanned,0
SE3,2021,Transmission outage,Planned,0
SE3,2021,Transmission outage,Unplanned,1
SE3,2021,Production unavailability,Planned,0
SE3,2021,Production unavailability,Unplanned,0
SE3,2021,Consumption unavailability,Planned,0
SE3,2021,Consumption unavailability,Unplanned,0
SE3,2022,Transmission outage,Planned,5
SE3,2022,Transmission outage,Unplanned,1
SE3,2022,Production unavailability,Planned,0
SE3,2022,Production unavailability,Unplanned,0
SE3,2022,Consumption unavailability,Planned,0
SE3,2022,Consumption unavailability,Unplanned,0
SE3,2023,Transmission outage,Planned,0
SE3,2023,Transmission outage,Unplanned,0
SE3,2023,Production unavailability,Planned,0
SE3,2023,Production unavailability,Unplanned,0
SE3,2023,Consumption unavailability,Planned,0
SE3,2023,Consumption unavailability,Unplanned,0
SE3,2024,Transmission outage,Planned,3
SE3,2024,Transmission outage,Unplanned,0
SE3,2024,Production unavailability,Planned,0
SE3,2024,Production unavailability,Unplanned,0
SE3,2024,Consumption unavailability,Planned,0
SE3,2024,Consumption unavailability,Unplanned,0
SE3,2025,Transmission outage,Planned,0
SE3,2025,Transmission outage,Unplanned,1
SE3,2025,Production unavailability,Planned,0
SE3,2025,Production unavailability,Unplanned,0
SE3,2025,Consumption unavailability,Planned,0
SE3,2025,Consumption unavailability,Unplanned,0
SE4,2013,Transmission outage,Planned,6
SE4,2013,Transmission outage,Unplanned,0
SE4,2013,Production unavailability,Planned,0
SE4,2013,Production unavailability,Unplanned,0
SE4,2013,Consumption unavailability,Planned,0
SE4,2013,Consumption unavailability,Unplanned,0
SE4,2014,Transmission outage,Planned,1
SE4,2014,Transmission outage,Unplanned,1
SE4,2014,Production unavailability,Planned,0
SE4,2014,Production unavailability,Unplanned,0
SE4,2014,Consumption unavailability,Planned,0
SE4,2014,Consumption unavailability,Unplanned,0
SE4,2015,Transmission outage,Planned,1
SE4,2015,Transmission outage,Unplanned,0
SE4,2015,Production unavailability,Planned,0
SE4,2015,Production unavailability,Unplanned,0
SE4,2015,Consumption unavailability,Planned,0
SE4,2015,Consumption unavailability,Unplanned,0
SE4,2016,Transmission outage,Planned,2
SE4,2016,Transmission outage,Unplanned,0
SE4,2016,Production unavailability,Planned,0
SE4,2016,Production unavailability,Unplanned,0
SE4,2016,Consumption unavailability,Planned,0
SE4,2016,Consumption unavailability,Unplanned,0
SE4,2017,Transmission outage,Planned,2
SE4,2017,Transmission outage,Unplanned,0
SE4,2017,Production unavailability,Planned,0
SE4,2017,Production unavailability,Unplanned,0
SE4,2017,Consumption unavailability,Planned,0
SE4,2017,Consumption unavailability,Unplanned,0
SE4,2018,Transmission outage,Planned,3
SE4,2018,Transmission outage,Unplanned,0
SE4,2018,Production unavailability,Planned,0
SE4,2018,Production unavailability,Unplanned,0
SE4,2018,Consumption unavailability,Planned,0
SE4,2018,Consumption unavailability,Unplanned,0
SE4,2019,Transmission outage,Planned,0
SE4,2019,Transmission outage,Unplanned,0
SE4,2019,Production unavailability,Planned,0
SE4,2019,Production unavailability,Unplanned,0
SE4,2019,Consumption unavailability,Planned,0
SE4,2019,Consumption unavailability,Unplanned,0
SE4,2020,Transmission outage,Planned,2
SE4,2020,Transmission outage,Unplanned,6
SE4,2020,Production unavailability,Planned,0
SE4,2020,Production unavailability,Unplanned,0
SE4,2020,Consumption unavailability,Planned,0
SE4,2020,Consumption unavailability,Unplanned,0
SE4,2021,Transmission outage,Planned,0
SE4,2021,Transmission outage,Unplanned,0
SE4,2021,Production unavailability,Planned,0
SE4,2021,Production unavailability,Unplanned,0
SE4,2021,Consumption unavailability,Planned,0
SE4,2021,Consumption unavailability,Unplanned,0
SE4,2022,Transmission outage,Planned,2
SE4,2022,Transmission outage,Unplanned,1
SE4,2022,Production unavailability,Planned,0
SE4,2022,Production unavailability,Unplanned,0
SE4,2022,Consumption unavailability,Planned,0
SE4,2022,Consumption unavailability,Unplanned,0
SE4,2023,Transmission outage,Planned,1
SE4,2023,Transmission outage,Unplanned,2
SE4,2023,Production unavailability,Planned,0
SE4,2023,Production unavailability,Unplanned,0
SE4,2023,Consumption unavailability,Planned,0
SE4,2023,Consumption unavailability,Unplanned,0
SE4,2024,Transmission outage,Planned,3
SE4,2024,Transmission outage,Unplanned,0
SE4,2024,Production unavailability,Planned,0
SE4,2024,Production unavailability,Unplanned,0
SE4,2024,Consumption unavailability,Planned,0
SE4,2024,Consumption unavailability,Unplanned,0
SE4,2025,Transmission outage,Planned,2
SE4,2025,Transmission outage,Unplanned,1
SE4,2025,Production unavailability,Planned,0
SE4,2025,Production unavailability,Unplanned,0
SE4,2025,Consumption unavailability,Planned,0
SE4,2025,Consumption unavailability,Unplanned,0
SF6,2013,Transmission outage,Planned,1
SF6,2013,Transmission outage,Unplanned,0
SF6,2013,Production unavailability,Planned,0
SF6,2013,Production unavailability,Unplanned,0
SF6,2013,Consumption unavailability,Planned,0
SF6,2013,Consumption unavailability,Unplanned,0
SF6,2014,Transmission outage,Planned,1
SF6,2014,Transmission outage,Unplanned,0
SF6,2014,Production unavailability,Planned,0
SF6,2014,Production unavailability,Unplanned,0
SF6,2014,Consumption unavailability,Planned,0
SF6,2014,Consumption unavailability,Unplanned,0
SF6,2015,Transmission outage,Planned,4
SF6,2015,Transmission outage,Unplanned,0
SF6,2015,Production unavailability,Planned,0
SF6,2015,Production unavailability,Unplanned,0
SF6,2015,Consumption unavailability,Planned,1
SF6,2015,Consumption unavailability,Unplanned,1
SF6,2016,Transmission outage,Planned,0
SF6,2016,Transmission outage,Unplanned,0
SF6,2016,Production unavailability,Planned,1
SF6,2016,Production unavailability,Unplanned,0
SF6,2016,Consumption unavailability,Planned,0
SF6,2016,Consumption unavailability,Unplanned,0
SF6,2018,Transmission outage,Planned,0
SF6,2018,Transmission outage,Unplanned,0
SF6,2018,Production unavailability,Planned,0
SF6,2018,Production unavailability,Unplanned,0
SF6,2018,Consumption unavailability,Planned,0
SF6,2018,Consumption unavailability,Unplanned,0
SF6,2020,Transmission outage,Planned,0
SF6,2020,Transmission outage,Unplanned,1
SF6,2020,Production unavailability,Planned,0
SF6,2020,Production unavailability,Unplanned,0
SF6,2020,Consumption unavailability,Planned,0
SF6,2020,Consumption unavailability,Unplanned,0
SH1,2013,Transmission outage,Planned,0
SH1,2013,Transmission outage,Unplanned,0
SH1,2013,Production unavailability,Planned,0
SH1,2013,Production unavailability,Unplanned,0
SH1,2013,Consumption unavailability,Planned,0
SH1,2013,Consumption unavailability,Unplanned,0
SK1,2013,Transmission outage,Planned,5
SK1,2013,Transmission outage,Unplanned,2
SK1,2013,Production unavailability,Planned,0
SK1,2013,Production unavailability,Unplanned,0
SK1,2013,Consumption unavailability,Planned,0
SK1,2013,Consumption unavailability,Unplanned,0
SK1,2014,Transmission outage,Planned,14
SK1,2014,Transmission outage,Unplanned,0
SK1,2014,Production unavailability,Planned,0
SK1,2014,Production unavailability,Unplanned,0
SK1,2014,Consumption unavailability,Planned,0
SK1,2014,Consumption unavailability,Unplanned,0
SK1,2015,Transmission outage,Planned,1
SK1,2015,Transmission outage,Unplanned,0
SK1,2015,Production unavailability,Planned,0
SK1,2015,Production unavailability,Unplanned,0
SK1,2015,Consumption unavailability,Planned,0
SK1,2015,Consumption unavailability,Unplanned,0
SK1,2018,Transmission outage,Planned,0
SK1,2018,Transmission outage,Unplanned,0
SK1,2018,Production unavailability,Planned,0
SK1,2018,Production unavailability,Unplanned,0
SK1,2018,Consumption unavailability,Planned,0
SK1,2018,Consumption unavailability,Unplanned,0
SK1,2019,Transmission outage,Planned,4
SK1,2019,Transmission outage,Unplanned,2
SK1,2019,Production unavailability,Planned,0
SK1,2019,Production unavailability,Unplanned,0
SK1,2019,Consumption unavailability,Planned,0
SK1,2019,Consumption unavailability,Unplanned,0
SK1,2020,Transmission outage,Planned,0
SK1,2020,Transmission outage,Unplanned,0
SK1,2020,Production unavailability,Planned,0
SK1,2020,Production unavailability,Unplanned,0
SK1,2020,Consumption unavailability,Planned,0
SK1,2020,Consumption unavailability,Unplanned,0
SK2,2013,Transmission outage,Planned,4
SK2,2013,Transmission outage,Unplanned,3
SK2,2013,Production unavailability,Planned,0
SK2,2013,Production unavailability,Unplanned,0
SK2,2013,Consumption unavailability,Planned,0
SK2,2013,Consumption unavailability,Unplanned,0
SK2,2014,Transmission outage,Planned,14
SK2,2014,Transmission outage,Unplanned,0
SK2,2014,Production unavailability,Planned,0
SK2,2014,Production unavailability,Unplanned,0
SK2,2014,Consumption unavailability,Planned,0
SK2,2014,Consumption unavailability,Unplanned,0
SK2,2018,Transmission outage,Planned,0
SK2,2018,Transmission outage,Unplanned,1
SK2,2018,Production unavailability,Planned,0
SK2,2018,Production unavailability,Unplanned,0
SK2,2018,Consumption unavailability,Planned,0
SK2,2018,Consumption unavailability,Unplanned,0
SK2,2020,Transmission outage,Planned,2
SK2,2020,Transmission outage,Unplanned,0
SK2,2020,Production unavailability,Planned,0
SK2,2020,Production unavailability,Unplanned,0
SK2,2020,Consumption unavailability,Planned,0
SK2,2020,Consumption unavailability,Unplanned,0
SK3,2013,Transmission outage,Planned,6
SK3,2013,Transmission outage,Unplanned,1
SK3,2013,Production unavailability,Planned,0
SK3,2013,Production unavailability,Unplanned,0
SK3,2013,Consumption unavailability,Planned,0
SK3,2013,Consumption unavailability,Unplanned,0
SK3,2014,Transmission outage,Planned,15
SK3,2014,Transmission outage,Unplanned,1
SK3,2014,Production unavailability,Planned,0
SK3,2014,Production unavailability,Unplanned,0
SK3,2014,Consumption unavailability,Planned,0
SK3,2014,Consumption unavailability,Unplanned,0
SK4,2014,Transmission outage,Planned,5
SK4,2014,Transmission outage,Unplanned,1
SK4,2014,Production unavailability,Planned,0
SK4,2014,Production unavailability,Unplanned,0
SK4,2014,Consumption unavailability,Planned,0
SK4,2014,Consumption unavailability,Unplanned,0
SK4,2015,Transmission outage,Planned,5
SK4,2015,Transmission outage,Unplanned,0
SK4,2015,Production unavailability,Planned,0
SK4,2015,Production unavailability,Unplanned,0
SK4,2015,Consumption unavailability,Planned,0
SK4,2015,Consumption unavailability,Unplanned,0
SK4,2016,Transmission outage,Planned,1
SK4,2016,Transmission outage,Unplanned,3
SK4,2016,Production unavailability,Planned,0
SK4,2016,Production unavailability,Unplanned,0
SK4,2016,Consumption unavailability,Planned,0
SK4,2016,Consumption unavailability,Unplanned,0
SK4,2018,Transmission outage,Planned,0
SK4,2018,Transmission outage,Unplanned,0
SK4,2018,Production unavailability,Planned,0
SK4,2018,Production unavailability,Unplanned,0
SK4,2018,Consumption unavailability,Planned,0
SK4,2018,Consumption unavailability,Unplanned,0
SK4,2019,Transmission outage,Planned,0
SK4,2019,Transmission outage,Unplanned,2
SK4,2019,Production unavailability,Planned,0
SK4,2019,Production unavailability,Unplanned,0
SK4,2019,Consumption unavailability,Planned,0
SK4,2019,Consumption unavailability,Unplanned,0
SK4,2020,Transmission outage,Planned,0
SK4,2020,Transmission outage,Unplanned,0
SK4,2020,Production unavailability,Planned,0
SK4,2020,Production unavailability,Unplanned,0
SK4,2020,Consumption unavailability,Planned,0
SK4,2020,Consumption unavailability,Unplanned,0
SK4,2022,Transmission outage,Planned,0
SK4,2022,Transmission outage,Unplanned,2
SK4,2022,Production unavailability,Planned,0
SK4,2022,Production unavailability,Unplanned,0
SK4,2022,Consumption unavailability,Planned,0
SK4,2022,Consumption unavailability,Unplanned,0
SK4,2023,Transmission outage,Planned,0
SK4,2023,Transmission outage,Unplanned,0
SK4,2023,Production unavailability,Planned,0
SK4,2023,Production unavailability,Unplanned,0
SK4,2023,Consumption unavailability,Planned,0
SK4,2023,Consumption unavailability,Unplanned,0
SQ1,2025,Transmission outage,Planned,0
SQ1,2025,Transmission outage,Unplanned,0
SQ1,2025,Production unavailability,Planned,0
SQ1,2025,Production unavailability,Unplanned,0
SQ1,2025,Consumption unavailability,Planned,0
SQ1,2025,Consumption unavailability,Unplanned,0
TA1,2022,Transmission outage,Planned,0
TA1,2022,Transmission outage,Unplanned,0
TA1,2022,Production unavailability,Planned,0
TA1,2022,Production unavailability,Unplanned,0
TA1,2022,Consumption unavailability,Planned,0
TA1,2022,Consumption unavailability,Unplanned,0
TA1,2023,Transmission outage,Planned,0
TA1,2023,Transmission outage,Unplanned,0
TA1,2023,Production unavailability,Planned,0
TA1,2023,Production unavailability,Unplanned,0
TA1,2023,Consumption unavailability,Planned,0
TA1,2023,Consumption unavailability,Unplanned,0
TA2,2022,Transmission outage,Planned,0
TA2,2022,Transmission outage,Unplanned,0
TA2,2022,Production unavailability,Planned,0
TA2,2022,Production unavailability,Unplanned,0
TA2,2022,Consumption unavailability,Planned,0
TA2,2022,Consumption unavailability,Unplanned,0
TA3,2022,Transmission outage,Planned,0
TA3,2022,Transmission outage,Unplanned,0
TA3,2022,Production unavailability,Planned,0
TA3,2022,Production unavailability,Unplanned,0
TA3,2022,Consumption unavailability,Planned,0
TA3,2022,Consumption unavailability,Unplanned,0
TE5,2014,Transmission outage,Planned,0
TE5,2014,Transmission outage,Unplanned,0
TE5,2014,Production unavailability,Planned,0
TE5,2014,Production unavailability,Unplanned,0
TE5,2014,Consumption unavailability,Planned,0
TE5,2014,Consumption unavailability,Unplanned,0
TH1,2021,Transmission outage,Planned,0
TH1,2021,Transmission outage,Unplanned,0
TH1,2021,Production unavailability,Planned,0
TH1,2021,Production unavailability,Unplanned,0
TH1,2021,Consumption unavailability,Planned,0
TH1,2021,Consumption unavailability,Unplanned,0
TH1,2023,Transmission outage,Planned,0
TH1,2023,Transmission outage,Unplanned,0
TH1,2023,Production unavailability,Planned,0
TH1,2023,Production unavailability,Unplanned,0
TH1,2023,Consumption unavailability,Planned,0
TH1,2023,Consumption unavailability,Unplanned,0
TH1,2024,Transmission outage,Planned,0
TH1,2024,Transmission outage,Unplanned,0
TH1,2024,Production unavailability,Planned,0
TH1,2024,Production unavailability,Unplanned,0
TH1,2024,Consumption unavailability,Planned,0
TH1,2024,Consumption unavailability,Unplanned,0
TH1,2025,Transmission outage,Planned,0
TH1,2025,Transmission outage,Unplanned,0
TH1,2025,Production unavailability,Planned,0
TH1,2025,Production unavailability,Unplanned,0
TH1,2025,Consumption unavailability,Planned,0
TH1,2025,Consumption unavailability,Unplanned,0
TH2,2023,Transmission outage,Planned,0
TH2,2023,Transmission outage,Unplanned,0
TH2,2023,Production unavailability,Planned,0
TH2,2023,Production unavailability,Unplanned,0
TH2,2023,Consumption unavailability,Planned,0
TH2,2023,Consumption unavailability,Unplanned,0
TH2,2024,Transmission outage,Planned,0
TH2,2024,Transmission outage,Unplanned,0
TH2,2024,Production unavailability,Planned,0
TH2,2024,Production unavailability,Unplanned,0
TH2,2024,Consumption unavailability,Planned,0
TH2,2024,Consumption unavailability,Unplanned,0
TH2,2025,Transmission outage,Planned,0
TH2,2025,Transmission outage,Unplanned,0
TH2,2025,Production unavailability,Planned,0
TH2,2025,Production unavailability,Unplanned,0
TH2,2025,Consumption unavailability,Planned,0
TH2,2025,Consumption unavailability,Unplanned,0
TH3,2024,Transmission outage,Planned,0
TH3,2024,Transmission outage,Unplanned,0
TH3,2024,Production unavailability,Planned,0
TH3,2024,Production unavailability,Unplanned,0
TH3,2024,Consumption unavailability,Planned,0
TH3,2024,Consumption unavailability,Unplanned,0
TH4,2021,Transmission outage,Planned,0
TH4,2021,Transmission outage,Unplanned,0
TH4,2021,Production unavailability,Planned,0
TH4,2021,Production unavailability,Unplanned,0
TH4,2021,Consumption unavailability,Planned,0
TH4,2021,Consumption unavailability,Unplanned,0
TH4,2024,Transmission outage,Planned,0
TH4,2024,Transmission outage,Unplanned,0
TH4,2024,Production unavailability,Planned,0
TH4,2024,Production unavailability,Unplanned,0
TH4,2024,Consumption unavailability,Planned,0
TH4,2024,Consumption unavailability,Unplanned,0
TN1,2016,Transmission outage,Planned,0
TN1,2016,Transmission outage,Unplanned,0
TN1,2016,Production unavailability,Planned,5
TN1,2016,Production unavailability,Unplanned,0
TN1,2016,Consumption unavailability,Planned,0
TN1,2016,Consumption unavailability,Unplanned,0
TN2,2015,Transmission outage,Planned,0
TN2,2015,Transmission outage,Unplanned,0
TN2,2015,Production unavailability,Planned,1
TN2,2015,Production unavailability,Unplanned,0
TN2,2015,Consumption unavailability,Planned,0
TN2,2015,Consumption unavailability,Unplanned,0
TN2,2016,Transmission outage,Planned,0
TN2,2016,Transmission outage,Unplanned,0
TN2,2016,Production unavailability,Planned,2
TN2,2016,Production unavailability,Unplanned,0
TN2,2016,Consumption unavailability,Planned,0
TN2,2016,Consumption unavailability,Unplanned,0
TN2,2017,Transmission outage,Planned,0
TN2,2017,Transmission outage,Unplanned,0
TN2,2017,Production unavailability,Planned,2
TN2,2017,Production unavailability,Unplanned,0
TN2,2017,Consumption unavailability,Planned,0
TN2,2017,Consumption unavailability,Unplanned,0
TN3,2015,Transmission outage,Planned,0
TN3,2015,Transmission outage,Unplanned,0
TN3,2015,Production unavailability,Planned,1
TN3,2015,Production unavailability,Unplanned,0
TN3,2015,Consumption unavailability,Planned,0
TN3,2015,Consumption unavailability,Unplanned,0
TN3,2016,Transmission outage,Planned,0
TN3,2016,Transmission outage,Unplanned,0
TN3,2016,Production unavailability,Planned,2
TN3,2016,Production unavailability,Unplanned,0
TN3,2016,Consumption unavailability,Planned,0
TN3,2016,Consumption unavailability,Unplanned,0
TN3,2017,Transmission outage,Planned,0
TN3,2017,Transmission outage,Unplanned,0
TN3,2017,Production unavailability,Planned,1
TN3,2017,Production unavailability,Unplanned,0
TN3,2017,Consumption unavailability,Planned,0
TN3,2017,Consumption unavailability,Unplanned,0
TN4,2015,Transmission outage,Planned,0
TN4,2015,Transmission outage,Unplanned,0
TN4,2015,Production unavailability,Planned,1
TN4,2015,Production unavailability,Unplanned,0
TN4,2015,Consumption unavailability,Planned,0
TN4,2015,Consumption unavailability,Unplanned,0
TN4,2017,Transmission outage,Planned,0
TN4,2017,Transmission outage,Unplanned,0
TN4,2017,Production unavailability,Planned,1
TN4,2017,Production unavailability,Unplanned,0
TN4,2017,Consumption unavailability,Planned,0
TN4,2017,Consumption unavailability,Unplanned,0
TN5,2015,Transmission outage,Planned,0
TN5,2015,Transmission outage,Unplanned,0
TN5,2015,Production unavailability,Planned,2
TN5,2015,Production unavailability,Unplanned,0
TN5,2015,Consumption unavailability,Planned,0
TN5,2015,Consumption unavailability,Unplanned,0
TN5,2016,Transmission outage,Planned,0
TN5,2016,Transmission outage,Unplanned,0
TN5,2016,Production unavailability,Planned,5
TN5,2016,Production unavailability,Unplanned,0
TN5,2016,Consumption unavailability,Planned,0
TN5,2016,Consumption unavailability,Unplanned,0
TN6,2016,Transmission outage,Planned,0
TN6,2016,Transmission outage,Unplanned,0
TN6,2016,Production unavailability,Planned,1
TN6,2016,Production unavailability,Unplanned,0
TN6,2016,Consumption unavailability,Planned,0
TN6,2016,Consumption unavailability,Unplanned,0
TR3,2020,Transmission outage,Planned,0
TR3,2020,Transmission outage,Unplanned,0
TR3,2020,Production unavailability,Planned,0
TR3,2020,Production unavailability,Unplanned,0
TR3,2020,Consumption unavailability,Planned,0
TR3,2020,Consumption unavailability,Unplanned,0
